{
  "fill" : "system-light",
  "groups" : [
    {
      "layers" : [
        {
          "blend-mode" : "normal",
          "fill" : {
            "automatic-gradient" : "srgb:0.34510,0.33725,0.83922,1.00000"
          },
          "glass-specializations" : [
            {
              "value" : true
            },
            {
              "appearance" : "dark",
              "value" : true
            }
          ],
          "hidden" : false,
          "image-name" : "Atom PNG.png",
          "name" : "Atom PNG",
          "position" : {
            "scale" : 1.6,
            "translation-in-points" : [
              -0.34185798022212843,
              0.5762748809463503
            ]
          }
        }
      ],
      "shadow" : {
        "kind" : "neutral",
        "opacity" : 0.5
      },
      "translucency" : {
        "enabled" : true,
        "value" : 0.5
      }
    }
  ],
  "supported-platforms" : {
    "squares" : "shared"
  }
}